First,Last,Nickname,Ht.,Wt.,Reach,Stance,W,L,D,Belt
,,,,,,,,,,
Tom,Aaron,,--,155 lbs.,--,,5.0,3.0,0.0,
Danny,Abbadi,The Assassin,"5' 11""",155 lbs.,--,Orthodox,4.0,6.0,0.0,
Nariman,Abbasov,Bayraktar,"5' 8""",155 lbs.,"66.0""",Orthodox,28.0,4.0,0.0,
David,Abbott,Tank,"6' 0""",265 lbs.,--,Switch,10.0,15.0,0.0,
Hamdy,Abdelwahab,The Hammer,"6' 2""",264 lbs.,"72.0""",Southpaw,5.0,0.0,0.0,
Shamil,Abdurakhimov,Abrek,"6' 3""",235 lbs.,"76.0""",Orthodox,20.0,8.0,0.0,
Hiroyuki,Abe,Abe Ani,"5' 6""",145 lbs.,--,Orthodox,8.0,15.0,3.0,
Daichi,Abe,,"5' 11""",170 lbs.,"71.0""",Orthodox,6.0,2.0,0.0,
Papy,Abedi,Makambo,"5' 11""",185 lbs.,--,Southpaw,10.0,4.0,0.0,
Ricardo,Abreu,Demente,"5' 11""",185 lbs.,--,Orthodox,5.0,1.0,0.0,
Klidson,Abreu,White Bear,"6' 0""",205 lbs.,"74.0""",Orthodox,15.0,4.0,0.0,
Daniel,Acacio,,"5' 8""",180 lbs.,--,Orthodox,30.0,18.0,0.0,
John,Adajar,The Outlaw,"5' 9""",170 lbs.,"75.0""",Orthodox,6.0,2.0,0.0,
Scott,Adams,,"6' 0""",225 lbs.,--,Southpaw,8.0,1.0,0.0,
Juan,Adams,The Kraken,"6' 5""",265 lbs.,"80.0""",Orthodox,5.0,3.0,0.0,
Anthony,Adams,Sugafoot,"6' 1""",185 lbs.,"76.0""",Orthodox,8.0,2.0,0.0,
Zarrukh,Adashev,The Lion,"5' 5""",125 lbs.,"65.0""",Southpaw,4.0,4.0,0.0,
Israel,Adesanya,The Last Stylebender,"6' 4""",185 lbs.,"80.0""",Switch,23.0,2.0,0.0,
Sam,Adkins,The Experience,"6' 3""",225 lbs.,--,Orthodox,7.0,20.0,2.0,
Nick,Agallar,,"5' 8""",155 lbs.,--,Orthodox,24.0,6.0,0.0,
Mariya,Agapova,Demonslayer,"5' 6""",125 lbs.,"68.0""",Southpaw,10.0,4.0,0.0,
Marcelo,Aguiar,,"5' 10""",170 lbs.,--,Orthodox,2.0,3.0,1.0,
Fabio,Aguiar,,"6' 0""",185 lbs.,--,,17.0,1.0,0.0,
Edwin,Aguilar,Tigre,"5' 10""",185 lbs.,--,,26.0,19.0,0.0,
Jessica,Aguilar,Jag,"5' 3""",115 lbs.,"63.0""",Orthodox,20.0,8.0,0.0,
,,,,,,,,,,
Niklas,Backstrom,,"6' 1""",145 lbs.,--,Orthodox,11.0,3.0,0.0,
Seth,Baczynski,The Polish Pistola,"6' 3""",170 lbs.,"75.0""",Orthodox,20.0,14.0,0.0,
Abdul Azeem,Badakhshi,The Afghan Lion,--,145 lbs.,--,,13.0,3.0,0.0,
Ryan,Bader,Darth,"6' 2""",205 lbs.,"74.0""",Orthodox,23.0,5.0,0.0,
Izabela,Badurek,,"5' 5""",115 lbs.,--,Orthodox,6.0,3.0,0.0,
Miguel,Baeza,Caramel Thunder,"6' 2""",170 lbs.,"74.0""",Orthodox,10.0,3.0,0.0,
Ali,Bagautinov,Puncher,"5' 4""",125 lbs.,"65.0""",Orthodox,15.0,6.0,0.0,
Mehdi,Baghdad,The Sultan,"6' 1""",155 lbs.,--,Orthodox,11.0,5.0,0.0,
Melsik,Baghdasaryan,The Gun,"5' 9""",145 lbs.,"70.0""",Southpaw,7.0,2.0,0.0,
Siyar,Bahadurzada,The Great,"5' 11""",170 lbs.,"73.0""",Orthodox,24.0,8.0,1.0,
Ignacio,Bahamondes,La Jaula,"6' 3""",155 lbs.,"75.0""",Orthodox,13.0,4.0,0.0,
Shamar,Bailey,,"5' 9""",155 lbs.,"75.0""",Southpaw,16.0,11.0,0.0,
Jordan,Bailey,,"5' 9""",145 lbs.,--,,6.0,3.0,0.0,
Scott,Baker,,"6' 0""",210 lbs.,--,,1.0,1.0,0.0,
Bryan,Baker,The Beast,"6' 3""",185 lbs.,--,Orthodox,18.0,5.0,0.0,
Jin,Bala,,"5' 9""",155 lbs.,--,,23.0,3.0,0.0,
,Balajin,The Snow Leopard,"5' 9""",145 lbs.,"72.0""",Orthodox,23.0,4.0,0.0,
Oluwale,Bamgbose,Holy War Angel,"5' 11""",185 lbs.,"78.0""",Switch,6.0,4.0,0.0,
Stephen,Banaszak,,"6' 0""",145 lbs.,--,,5.0,5.0,0.0,
Marcin,Bandel,Bomba,"5' 10""",155 lbs.,--,Orthodox,15.0,7.0,0.0,
Humberto,Bandenay,,"5' 11""",145 lbs.,"71.0""",Southpaw,14.0,7.0,0.0,
Tae Hyun,Bang,Supernatural,"5' 9""",155 lbs.,"71.0""",Switch,18.0,10.0,0.0,
Yohan,Banks,,--,--,--,,2.0,1.0,0.0,
Antonio,Banuelos,,"5' 5""",135 lbs.,"63.0""",Orthodox,20.0,11.0,1.0,
Renan,Barao,The Baron,"5' 6""",145 lbs.,"70.0""",Orthodox,34.0,9.0,0.0,
,,,,,,,,,,
Yan,Cabral,,"5' 11""",155 lbs.,"73.0""",Orthodox,13.0,3.0,0.0,
Alvin,Cacdac,,"5' 6""",125 lbs.,--,Orthodox,18.0,13.0,0.0,
Alex,Caceres,Bruce Leeroy,"5' 10""",145 lbs.,"73.0""",Southpaw,20.0,13.0,0.0,
Vince,Cachero,The Anomaly,"5' 6""",145 lbs.,"68.0""",Orthodox,7.0,4.0,0.0,
Priscila,Cachoeira,Zombie Girl,"5' 7""",125 lbs.,"65.0""",Orthodox,12.0,4.0,0.0,
Travis,Calanoc,The Dark Knight,"5' 8""",145 lbs.,--,Orthodox,5.0,1.0,0.0,
Ricky,Calatayud,,"5' 9""",125 lbs.,--,,16.0,2.0,0.0,
Darrion,Caldwell,The Wolf,"5' 10""",135 lbs.,--,,10.0,1.0,0.0,
Taylor,Callens,,"5' 10""",155 lbs.,--,,6.0,0.0,0.0,
Cynthia,Calvillo,,"5' 4""",125 lbs.,"64.0""",Orthodox,9.0,5.0,1.0,
Joe,Camacho,,"5' 9""",155 lbs.,--,Orthodox,13.0,19.0,3.0,
Frank,Camacho,The Crank,"5' 10""",155 lbs.,"73.0""",Orthodox,22.0,10.0,0.0,
Fabricio,Camoes,Morango,"5' 10""",155 lbs.,"71.0""",Orthodox,14.0,9.0,1.0,
Chris,Camozzi,,"6' 2""",185 lbs.,"75.0""",Orthodox,24.0,13.0,0.0,
Brian,Camozzi,Mantis,"6' 2""",170 lbs.,"78.0""",Orthodox,7.0,5.0,0.0,
Ricky,Camp,2 Slick,"5' 7""",135 lbs.,--,,11.0,4.0,0.0,
Mike,Campbell,The Beast,"5' 9""",155 lbs.,--,Southpaw,13.0,4.0,0.0,
Thomas,Campbell,,--,--,--,,3.0,3.0,0.0,
Shane,Campbell,Shaolin,"6' 0""",155 lbs.,"71.0""",Orthodox,14.0,6.0,0.0,
Charlie,Campbell,The Cannibal,"6' 0""",155 lbs.,--,Orthodox,6.0,2.0,0.0,
John,Campetella,,"5' 9""",235 lbs.,--,Orthodox,0.0,1.0,0.0,
Wagner,Campos,Galeto,"5' 6""",145 lbs.,--,Southpaw,12.0,10.0,0.0,
Derek,Campos,The Stallion,"5' 9""",155 lbs.,--,,19.0,6.0,0.0,
Will,Campuzano,,"5' 9""",125 lbs.,"70.0""",Orthodox,14.0,6.0,0.0,
Aleksa,Camur,,"6' 1""",205 lbs.,"74.0""",Orthodox,6.0,2.0,0.0,
,,,,,,,,,,
Sarah,D'alelio,The Monster,"5' 7""",145 lbs.,--,,11.0,7.0,0.0,
Marcos,da Matta,Parrumpinha,"5' 4""",145 lbs.,--,,11.0,3.0,0.0,
Henrique,da Silva,Frankenstein,"6' 3""",205 lbs.,"76.0""",Orthodox,14.0,5.0,0.0,
Alex,Da Silva,Leko,"5' 8""",155 lbs.,"73.0""",Orthodox,21.0,4.0,0.0,
Henrique,Da Silva Lopes,Montanha,"6' 3""",240 lbs.,--,,5.0,2.0,0.0,
Nicolas,Dalby,Danish Dynamite,"5' 11""",170 lbs.,"74.0""",Orthodox,21.0,4.0,1.0,
Paul,Daley,Semtex,"5' 9""",170 lbs.,"76.0""",Orthodox,39.0,15.0,2.0,
Dave,Dalgliesh,,"6' 2""",205 lbs.,--,Orthodox,30.0,19.0,2.0,
Richard,Dalton,,"6' 1""",205 lbs.,--,Orthodox,4.0,3.0,1.0,
Aisling,Daly,Ais the Bash,"5' 2""",115 lbs.,"64.0""",Orthodox,16.0,6.0,0.0,
Marko,Damiani,,"6' 0""",170 lbs.,--,,0.0,2.0,0.0,
Leonardo,Damiani,Puppy,"5' 10""",170 lbs.,"69.0""",Orthodox,10.0,3.0,1.0,
Rodrigo,Damm,,"5' 7""",155 lbs.,"71.0""",Orthodox,13.0,9.0,0.0,
Carina,Damm,Beauty But the Beast,"5' 4""",135 lbs.,--,,2.0,13.0,0.0,
Batgerel,Danaa,Storm,"5' 7""",135 lbs.,"70.0""",Orthodox,12.0,4.0,0.0,
Cindy,Dandois,Battlecat,"5' 7""",135 lbs.,--,Orthodox,8.0,3.0,0.0,
Jarjis,Danho,Man Mountain,"6' 3""",265 lbs.,"74.0""",Orthodox,7.0,1.0,1.0,
Raymond,Daniels,,"6' 2""",185 lbs.,--,Southpaw,0.0,1.0,0.0,
Marques,Daniels,,--,155 lbs.,--,,5.0,5.0,0.0,
Alexandre,Dantas,Cafe,"6' 2""",238 lbs.,--,Orthodox,0.0,3.0,0.0,
Eduardo,Dantas,Dudu,"5' 10""",135 lbs.,--,,20.0,4.0,0.0,
Mac,Danzig,,"5' 8""",155 lbs.,"70.0""",Orthodox,21.0,12.0,1.0,
Karen,Darabedyan,,"5' 7""",155 lbs.,"68.0""",Orthodox,13.0,6.0,0.0,
Beneil,Dariush,,"5' 10""",155 lbs.,"72.0""",Southpaw,22.0,4.0,1.0,
Sean,Daugherty,,"6' 0""",175 lbs.,--,,0.0,2.0,0.0,
,,,,,,,,,,
Ben,Earwood,,"5' 8""",170 lbs.,--,Orthodox,12.0,3.0,0.0,
Cody,East,The Freight Train,"6' 3""",245 lbs.,--,Orthodox,12.0,3.0,0.0,
Marvin,Eastman,The Beastman,"5' 9""",185 lbs.,"73.0""",Orthodox,18.0,15.0,1.0,
Mike,Easton,The Hulk,"5' 6""",135 lbs.,"70.0""",Southpaw,13.0,6.0,0.0,
Maurice,Eazel,,"5' 7""",135 lbs.,--,,7.0,15.0,0.0,
Vincent,Eazelle,The Real Deal,"5' 11""",155 lbs.,--,,9.0,2.0,0.0,
Ross,Ebanez,The Boss,"5' 9""",154 lbs.,--,Southpaw,20.0,10.0,0.0,
Brian,Ebersole,Bad Boy,"6' 0""",170 lbs.,"73.0""",Southpaw,51.0,18.0,1.0,
Roybert,Echeverria,The Unbroken,"5' 5""",125 lbs.,"67.0""",Switch,7.0,1.0,0.0,
Mark,Eddiva,,"5' 8""",145 lbs.,"68.0""",Orthodox,6.0,3.0,0.0,
Frankie,Edgar,The Answer,"5' 6""",135 lbs.,"68.0""",Orthodox,23.0,11.0,1.0,
Abdul-Kerim,Edilov,,"6' 2""",205 lbs.,--,Orthodox,17.0,4.0,0.0,
Johnny,Eduardo,,"5' 7""",135 lbs.,"71.0""",Orthodox,28.0,13.0,0.0,
Yves,Edwards,,"5' 9""",155 lbs.,"73.0""",Southpaw,42.0,22.0,1.0,
Justin,Edwards,Fast Eddy,"5' 10""",155 lbs.,"70.0""",Orthodox,9.0,5.0,0.0,
Leon,Edwards,Rocky,"6' 2""",170 lbs.,"74.0""",Southpaw,21.0,3.0,0.0,
Te,Edwards,,"5' 8""",155 lbs.,"72.0""",Orthodox,6.0,3.0,0.0,
Adli,Edwards,,--,145 lbs.,--,,4.0,1.0,0.0,
Joselyne,Edwards,La Pantera,"5' 8""",135 lbs.,"70.0""",Orthodox,12.0,4.0,0.0,
Tom,Egan,,"5' 11""",170 lbs.,--,Orthodox,7.0,5.0,0.0,
Stephanie,Egger,,"5' 6""",135 lbs.,"68.0""",Orthodox,8.0,3.0,0.0,
Justin,Eilers,The Hammer,"6' 1""",235 lbs.,--,Orthodox,19.0,7.0,1.0,
Jon Olav,Einemo,The Viking,"6' 6""",253 lbs.,--,Orthodox,6.0,3.0,0.0,
Per,Eklund,,"5' 10""",155 lbs.,"72.0""",Orthodox,14.0,5.0,1.0,
John,Elam,,--,--,--,,2.0,0.0,0.0,
,,,,,,,,,,
Edward,Faaloloto,,--,155 lbs.,"70.0""",,2.0,5.0,0.0,
Urijah,Faber,The California Kid,"5' 6""",135 lbs.,"67.0""",Orthodox,35.0,11.0,0.0,
Melinda,Fabian,,"5' 6""",125 lbs.,"66.0""",,4.0,4.0,2.0,
Wagnney,Fabiano,The Silencer,"5' 6""",145 lbs.,"69.0""",Southpaw,16.0,4.0,0.0,
Bartosz,Fabinski,The Butcher,"6' 0""",170 lbs.,"75.0""",Orthodox,15.0,5.0,0.0,
Ron,Faircloth,,"5' 9""",205 lbs.,--,Orthodox,33.0,20.0,0.0,
Jason,Fairn,,"6' 1""",230 lbs.,--,,4.0,5.0,0.0,
Zarah,Fairn,Infinite,"5' 8""",145 lbs.,"72.0""",Orthodox,6.0,5.0,0.0,
Rinat,Fakhretdinov,Gladiator,"6' 0""",170 lbs.,"74.0""",Orthodox,20.0,1.0,0.0,
Maiquel,Falcao,Big Rig,"5' 11""",185 lbs.,--,Orthodox,37.0,10.0,0.0,
Pedro,Falcao,Pedrinho,"5' 6""",135 lbs.,"66.0""",Orthodox,15.0,3.0,0.0,
Brodie,Farber,,"6' 1""",170 lbs.,--,Orthodox,16.0,7.0,0.0,
Joao Paulo,Faria,,"5' 9""",155 lbs.,--,,1.0,1.0,0.0,
Kalindra,Faria,,"5' 7""",125 lbs.,--,Switch,18.0,8.0,1.0,
Chance,Farrar,,"5' 9""",145 lbs.,--,Southpaw,8.0,3.0,0.0,
Rico,Farrington,The Triggerman,"6' 4""",170 lbs.,"79.0""",Southpaw,7.0,3.0,0.0,
Kelly,Faszholz,,"5' 8""",135 lbs.,--,Orthodox,4.0,2.0,0.0,
Rodney,Faverus,,"6' 0""",215 lbs.,--,Southpaw,25.0,20.0,3.0,
Paul,Felder,The Irish Dragon,"5' 11""",155 lbs.,"70.0""",Orthodox,17.0,6.0,0.0,
Carlos,Felipe,Boi,"6' 0""",245 lbs.,"75.0""",Orthodox,11.0,2.0,0.0,
JP,Felty,,--,170 lbs.,--,,4.0,5.0,0.0,
Kevin,Ferguson,Kimbo Slice,"6' 2""",235 lbs.,"77.0""",Orthodox,5.0,2.0,0.0,
Rhadi,Ferguson,,"5' 7""",205 lbs.,--,,3.0,0.0,0.0,
Tony,Ferguson,El Cucuy,"5' 11""",155 lbs.,"76.0""",Orthodox,26.0,8.0,0.0,
Josh,Ferguson,Taz,"5' 5""",125 lbs.,--,Orthodox,10.0,5.0,0.0,
,,,,,,,,,,
James,Gabert,,--,178 lbs.,--,,6.0,4.0,0.0,
Gustavo,Gabriel,,"5' 6""",125 lbs.,--,Orthodox,13.0,1.0,0.0,
Claudia,Gadelha,Claudinha,"5' 4""",115 lbs.,"63.0""",Orthodox,18.0,5.0,0.0,
Alavutdin,Gadjiev,,"6' 2""",185 lbs.,--,Orthodox,18.0,13.0,1.0,
Justin,Gaethje,The Highlight,"5' 11""",155 lbs.,"70.0""",Orthodox,24.0,4.0,0.0,
Sheila,Gaff,The German Tank,"5' 5""",135 lbs.,--,Orthodox,9.0,7.0,0.0,
Muin,Gafurov,Tajik,"5' 7""",135 lbs.,"68.0""",Southpaw,17.0,4.0,0.0,
Mitch,Gagnon,,"5' 5""",135 lbs.,"65.0""",Southpaw,12.0,5.0,0.0,
Brandon,Gaines,,"6' 3""",185 lbs.,--,,5.0,21.0,0.0,
Travis,Galbraith,The Gladiator,"6' 0""",170 lbs.,--,Orthodox,18.0,7.0,0.0,
Dave,Galera,Scarecrow,"5' 11""",135 lbs.,--,Orthodox,5.0,1.0,0.0,
Zelg,Galesic,Benkei,"6' 2""",185 lbs.,--,Orthodox,11.0,9.0,0.0,
Mickey,Gall,,"6' 2""",170 lbs.,"74.0""",Switch,7.0,5.0,0.0,
Daniel,Gallemore,Big Kansas,"6' 5""",265 lbs.,--,,7.0,3.0,0.0,
Tom,Gallicchio,Da Tank,"5' 10""",170 lbs.,--,Southpaw,19.0,10.0,0.0,
Turrell,Galloway,,"5' 3""",145 lbs.,--,,8.0,6.0,0.0,
Eric,Galvan,,--,155 lbs.,--,,0.0,0.0,0.0,
Andre,Galvao,,"5' 7""",168 lbs.,--,Orthodox,5.0,2.0,0.0,
Marcos,Galvao,Loro,"5' 7""",135 lbs.,--,Orthodox,18.0,8.0,1.0,
Lucas,Gamaza,,--,170 lbs.,--,,8.0,4.0,0.0,
Joey,Gambino,The Raging Warrior,"5' 7""",145 lbs.,--,Orthodox,9.0,2.0,0.0,
Manvel,Gamburyan,The Anvil,"5' 5""",135 lbs.,"67.0""",Orthodox,15.0,10.0,0.0,
Mateusz,Gamrot,Gamer,"5' 10""",155 lbs.,"70.0""",Southpaw,22.0,2.0,0.0,
Shamil,Gamzatov,,"6' 2""",205 lbs.,"76.0""",Orthodox,14.0,1.0,0.0,
Ariel,Gandulla,,"5' 11""",205 lbs.,--,Orthodox,7.0,9.0,0.0,
,,,,,,,,,,
Chelsea,Hackett,Hammer,"5' 4""",125 lbs.,"66.0""",Switch,3.0,1.0,1.0,
Keith,Hackney,The Giant Killer,"5' 11""",200 lbs.,--,Sideways,2.0,2.0,0.0,
Jake,Hadley,White Kong,"5' 7""",125 lbs.,"70.0""",Southpaw,10.0,1.0,0.0,
Steve,Hadsel,,"5' 8""",170 lbs.,--,,3.0,0.0,0.0,
Damir,Hadzovic,The Bosnian Bomber,"5' 9""",155 lbs.,"70.0""",Orthodox,14.0,7.0,0.0,
Tim,Hague,The Trashing Machine,"6' 4""",260 lbs.,"76.0""",Orthodox,21.0,13.0,0.0,
Yazan,Hajeh,Yazzle Dazzle,"5' 9""",145 lbs.,--,Orthodox,6.0,1.0,0.0,
Stoney,Hale,The Skuller,"6' 0""",--,--,,5.0,3.0,0.0,
Kevin,Haley,The North Woods Nightmare,"6' 2""",205 lbs.,--,,6.0,4.0,0.0,
Mark,Hall,,"6' 0""",190 lbs.,--,Orthodox,5.0,6.0,0.0,
Uriah,Hall,Prime Time,"6' 0""",185 lbs.,"79.0""",Orthodox,18.0,11.0,0.0,
Ryan,Hall,The Wizard,"5' 10""",145 lbs.,"70.0""",Southpaw,9.0,2.0,0.0,
Dennis,Hallman,Superman,"5' 9""",155 lbs.,"72.0""",Orthodox,53.0,20.0,2.0,
Piotr,Hallmann,Pletwal,"5' 9""",155 lbs.,"71.0""",Orthodox,18.0,6.0,0.0,
Tony,Halme,,"6' 3""",300 lbs.,--,Orthodox,0.0,4.0,0.0,
Brandon,Halsey,Bull,"6' 0""",185 lbs.,--,,9.0,3.0,0.0,
John,Halverson,The Hurricane,"5' 9""",155 lbs.,--,Southpaw,16.0,8.0,0.0,
Seo Hee,Ham,,"5' 2""",115 lbs.,"62.0""",Southpaw,17.0,8.0,0.0,
Frank,Hamaker,,--,--,--,,1.0,0.0,0.0,
Kazuhiro,Hamanaka,,"6' 0""",185 lbs.,--,Southpaw,5.0,7.0,1.0,
Matt,Hamill,The Hammer,"6' 1""",205 lbs.,"76.0""",Orthodox,12.0,8.0,0.0,
Jeremy,Hamilton,Hawk,--,185 lbs.,--,,9.0,2.0,0.0,
Anthony,Hamilton,Freight Train,"6' 5""",260 lbs.,"76.0""",Orthodox,15.0,9.0,0.0,
CJ,Hamilton,The Autobot,"5' 7""",125 lbs.,"68.0""",Switch,11.0,4.0,0.0,
Jared,Hamman,The Messenger,"6' 3""",185 lbs.,"75.0""",Orthodox,14.0,6.0,0.0,
,,,,,,,,,,
Al,Iaquinta,Raging,"5' 10""",155 lbs.,"70.0""",Orthodox,14.0,7.0,1.0,
Khadis,Ibragimov,,"6' 3""",205 lbs.,"78.0""",Orthodox,8.0,4.0,0.0,
Minoki,Ichihara,,"5' 7""",178 lbs.,--,Orthodox,0.0,1.0,0.0,
Dan,Ige,50K,"5' 7""",145 lbs.,"71.0""",Orthodox,16.0,6.0,0.0,
Valeri,Ignatov,,"5' 9""",170 lbs.,--,Orthodox,1.0,2.0,0.0,
Sergey,Ignatov,,"5' 9""",210 lbs.,--,Orthodox,0.0,1.0,0.0,
Fabiano,Iha,,"5' 8""",155 lbs.,--,Orthodox,9.0,5.0,0.0,
Seichi,Ikemoto,,"5' 11""",168 lbs.,--,Orthodox,21.0,19.0,5.0,
Mikhail,Iloukhine,,"5' 9""",205 lbs.,--,Orthodox,30.0,11.0,1.0,
Zelim,Imadaev,,"6' 0""",170 lbs.,"76.0""",Orthodox,8.0,3.0,0.0,
Yusuke,Imamura,,"5' 8""",220 lbs.,--,Orthodox,2.0,6.0,0.0,
Masakazu,Imanari,,"5' 4""",139 lbs.,--,Southpaw,36.0,16.0,2.0,
Nassourdine,Imavov,,"6' 3""",185 lbs.,"75.0""",Orthodox,12.0,4.0,0.0,
Brad,Imes,Hillbilly Heartthrob,"6' 7""",265 lbs.,--,Orthodox,13.0,7.0,0.0,
Chris,Indich,,"5' 10""",170 lbs.,--,,6.0,4.0,0.0,
Chris,Inman,,--,--,--,,1.0,0.0,0.0,
Guto,Inocente,,"6' 3""",205 lbs.,--,Orthodox,7.0,4.0,0.0,
Enson,Inoue,Yamato Damashii,"5' 10""",210 lbs.,--,Orthodox,12.0,8.0,0.0,
Egan,Inoue,,"5' 9""",190 lbs.,--,Southpaw,13.0,8.0,0.0,
Katsuya,Inoue,,"5' 9""",168 lbs.,--,Southpaw,19.0,9.0,4.0,
Takeshi,Inoue,Lion,"5' 8""",145 lbs.,--,,23.0,10.0,0.0,
Naoki,Inoue,,"5' 9""",125 lbs.,"71.0""",Orthodox,11.0,1.0,0.0,
Inoue,Mizuki,,"5' 3""",125 lbs.,"65.0""",Orthodox,14.0,6.0,0.0,
Jorge,Interiano,,"6' 1""",205 lbs.,--,,4.0,3.0,0.0,
Jason,Ireland,The Irish Tornado,"5' 9""",161 lbs.,--,Southpaw,19.0,9.0,1.0,
,,,,,,,,,,
Yves,Jabouin,Tiger,"5' 7""",135 lbs.,"68.0""",Orthodox,20.0,11.0,0.0,
Kevin,Jackson,,"5' 10""",199 lbs.,--,Switch,4.0,2.0,0.0,
Eugene,Jackson,The Wolf,"5' 8""",185 lbs.,--,Orthodox,15.0,9.0,1.0,
Quinton,Jackson,Rampage,"6' 1""",205 lbs.,"73.0""",Orthodox,37.0,12.0,0.0,
Jeremy,Jackson,Scorpion,"5' 10""",170 lbs.,--,Orthodox,9.0,5.0,0.0,
Damon,Jackson,Action,"5' 11""",145 lbs.,"71.0""",Switch,22.0,5.0,1.0,
Kenyon,Jackson,,"6' 0""",185 lbs.,--,,4.0,3.0,0.0,
Mike,Jackson,The Truth,"6' 2""",170 lbs.,"74.0""",Orthodox,1.0,2.0,0.0,
Jason,Jackson,Jah-Son,"6' 1""",170 lbs.,"78.0""",Orthodox,7.0,2.0,0.0,
Montel,Jackson,Quik,"5' 10""",135 lbs.,"75.0""",Southpaw,12.0,2.0,0.0,
Eric,Jacob,,--,155 lbs.,--,,1.0,9.0,0.0,
Richard,Jacobi,,"6' 4""",260 lbs.,"75.0""",Orthodox,6.0,1.0,1.0,
Dustin,Jacoby,The Hanyak,"6' 3""",205 lbs.,"76.0""",Orthodox,18.0,6.0,1.0,
Justin,James,,"5' 10""",155 lbs.,--,Orthodox,13.0,7.0,0.0,
Nate,James,,"6' 0""",185 lbs.,--,,14.0,8.0,1.0,
Virna,Jandiroba,Carcara,"5' 3""",115 lbs.,"64.0""",Orthodox,18.0,3.0,0.0,
Ryan,Janes,,"6' 3""",185 lbs.,"76.0""",Orthodox,10.0,3.0,0.0,
Josh,Janousek,,"5' 11""",185 lbs.,--,Orthodox,8.0,1.0,0.0,
Dave,Jansen,,"5' 9""",155 lbs.,"73.0""",Orthodox,20.0,4.0,0.0,
Jaime,Jara,El Cucui,"6' 1""",205 lbs.,--,Southpaw,38.0,18.0,0.0,
Gigo,Jara,The Little Animal,"5' 9""",145 lbs.,--,,6.0,9.0,0.0,
Keith,Jardine,The Dean of Mean,"6' 2""",185 lbs.,"76.0""",Orthodox,17.0,11.0,2.0,
Brock,Jardine,The Machine,"5' 11""",170 lbs.,--,Orthodox,12.0,6.0,0.0,
Josh,Jarvis,,--,--,--,,1.0,4.0,0.0,
Rony,Jason,,"5' 7""",145 lbs.,"73.0""",Orthodox,14.0,7.0,0.0,
,,,,,,,,,,
Patrick,Kaase,Kamikaze,"5' 9""",185 lbs.,--,,1.0,2.0,0.0,
Emily,Kagan,,"5' 3""",115 lbs.,--,,3.0,3.0,0.0,
Oron,Kahlon,,"5' 8""",135 lbs.,"70.0""",Orthodox,16.0,1.0,0.0,
Sirwan,Kakai,Zohan,"5' 5""",135 lbs.,--,Orthodox,12.0,5.0,0.0,
Saidyokub,Kakhramonov,,"5' 8""",135 lbs.,"69.0""",Orthodox,10.0,3.0,0.0,
Geza,Kalman,,"6' 1""",200 lbs.,--,,4.0,9.0,0.0,
Bryson,Kamaka,,"5' 11""",170 lbs.,--,Orthodox,12.0,20.0,1.0,
Kai,Kamaka,The Fighting Hawaiian,"5' 7""",145 lbs.,"69.0""",Orthodox,8.0,4.0,1.0,
Shuya,Kamikubo,Stealth,--,145 lbs.,--,,12.0,1.0,1.0,
Martin,Kampmann,The Hitman,"6' 0""",170 lbs.,"72.0""",Orthodox,20.0,7.0,0.0,
Kouya,Kanda,,--,--,--,,11.0,4.0,0.0,
Bharat,Kandare,Daring,"5' 7""",135 lbs.,"72.0""",Orthodox,5.0,3.0,0.0,
Hiromitsu,Kanehara,,"5' 10""",200 lbs.,--,Orthodox,19.0,27.0,5.0,
Masanori,Kanehara,,"5' 7""",135 lbs.,"67.0""",Orthodox,26.0,12.0,5.0,
Ken,Kaneko,,"6' 0""",161 lbs.,--,Orthodox,0.0,3.0,0.0,
Denis,Kang,,"5' 11""",185 lbs.,"77.0""",Orthodox,35.0,16.0,2.0,
Kyung Ho,Kang,Mr. Perfect,"5' 9""",135 lbs.,"73.0""",Orthodox,18.0,9.0,0.0,
Manel,Kape,StarBoy,"5' 5""",125 lbs.,"68.0""",Southpaw,18.0,6.0,0.0,
David,Kaplan,Diamond,"5' 7""",155 lbs.,--,Orthodox,3.0,4.0,0.0,
Kai,Kara-France,Don't Blink,"5' 4""",125 lbs.,"69.0""",Orthodox,24.0,10.0,0.0,
Georgi,Karakhanyan,Insane,"5' 8""",145 lbs.,--,,26.0,7.0,1.0,
Alex,Karalexis,The Assassin,"5' 8""",155 lbs.,"66.0""",Orthodox,10.0,6.0,0.0,
Impa,Kasanganay,Tshilobo,"5' 11""",170 lbs.,"75.0""",Orthodox,9.0,2.0,0.0,
Jinnosuke,Kashimura,,"5' 7""",155 lbs.,"71.0""",Southpaw,4.0,2.0,0.0,
Nadia,Kassem,,"5' 5""",125 lbs.,"66.0""",Southpaw,5.0,2.0,0.0,
,,,,,,,,,,
Achmed,Labasanov,,"6' 3""",215 lbs.,--,Orthodox,7.0,4.0,0.0,
Josh,LaBerge,,"5' 10""",145 lbs.,--,,11.0,6.0,0.0,
Jeremiah,Labiano,The Kid,"5' 10""",135 lbs.,--,,11.0,5.0,0.0,
Daniel,Lacerda,Miojo,"5' 6""",125 lbs.,"70.0""",Switch,11.0,5.0,0.0,
Luan,Lacerda,,"5' 7""",135 lbs.,"71.0""",Orthodox,12.0,2.0,0.0,
Kemran,Lachinov,,--,170 lbs.,--,,3.0,2.0,0.0,
Aspen,Ladd,,"5' 6""",135 lbs.,"66.0""",Orthodox,9.0,3.0,0.0,
Ryan,LaFlare,,"6' 1""",170 lbs.,"74.0""",Southpaw,14.0,3.0,0.0,
Ben,Lagman,Bad News,"6' 2""",185 lbs.,--,,6.0,5.0,0.0,
Noad,Lahat,Neo,"5' 9""",145 lbs.,"69.0""",Orthodox,11.0,2.0,0.0,
Tina,Lahdemaki,Jelly Bean,"5' 2""",115 lbs.,--,Orthodox,5.0,1.0,0.0,
Yohan,Lainesse,White Lion,"6' 1""",170 lbs.,"76.0""",Orthodox,9.0,2.0,0.0,
Tim,Lajcik,The Bohemian,"6' 1""",225 lbs.,--,Orthodox,7.0,6.0,1.0,
Todd,Lally,,"5' 7""",145 lbs.,--,Orthodox,2.0,1.0,0.0,
Sean,Lally,The Unpredictable One,"6' 0""",170 lbs.,--,Orthodox,7.0,3.0,0.0,
Ricardo,Lamas,The Bully,"5' 8""",145 lbs.,"71.0""",Orthodox,20.0,8.0,0.0,
Jason,Lambert,The Punisher,"6' 3""",185 lbs.,"75.0""",Orthodox,26.0,13.0,0.0,
Jose,Landi-Jons,Pele,"5' 11""",170 lbs.,--,Orthodox,29.0,16.0,0.0,
Nate,Landwehr,The Train,"5' 9""",145 lbs.,"72.0""",Orthodox,17.0,4.0,0.0,
Austen,Lane,,"6' 6""",245 lbs.,"80.0""",Orthodox,12.0,3.0,0.0,
Aaron,Lanfranco,,--,155 lbs.,--,,5.0,1.0,0.0,
Jeremy,Lang,,"5' 11""",205 lbs.,--,Southpaw,21.0,2.0,0.0,
Lionel,Lanham,,--,205 lbs.,--,,5.0,1.0,0.0,
Lina,Lansberg,Elbow Queen,"5' 7""",135 lbs.,"65.0""",Orthodox,10.0,8.0,0.0,
Taylor,Lapilus,Double Impact,"5' 6""",135 lbs.,"73.0""",Southpaw,18.0,3.0,0.0,
,,,,,,,,,,
Dong Hyun,Ma,Maestro,"5' 11""",155 lbs.,"70.0""",Orthodox,16.0,11.0,3.0,
Pawan,Maan,,"5' 7""",155 lbs.,"70.0""",Orthodox,7.0,3.0,1.0,
William,Macario,Patolino,"5' 11""",170 lbs.,"75.0""",Orthodox,9.0,3.0,0.0,
Jason,MacDonald,The Athlete,"6' 3""",185 lbs.,"80.0""",Orthodox,25.0,16.0,0.0,
Rob,MacDonald,Maximus,"6' 3""",205 lbs.,"78.0""",Orthodox,5.0,4.0,0.0,
Rory,MacDonald,Red King,"6' 0""",170 lbs.,"76.0""",Orthodox,19.0,4.0,0.0,
Ryan,MacDonald,Main Event,"5' 11""",135 lbs.,"71.0""",Switch,10.0,2.0,0.0,
Clayton,MacFarlane,,--,170 lbs.,--,,4.0,1.0,0.0,
Ilima,Macfarlane,,"5' 4""",125 lbs.,--,,6.0,0.0,0.0,
Valesca,Machado,Tina Black,"5' 4""",115 lbs.,"63.0""",Orthodox,8.0,3.0,0.0,
Caio,Machado,Lionheart,--,145 lbs.,--,,14.0,7.0,0.0,
Lyoto,Machida,The Dragon,"6' 1""",185 lbs.,"74.0""",Southpaw,24.0,8.0,0.0,
War,Machine,,"5' 11""",170 lbs.,--,Orthodox,14.0,5.0,0.0,
Anthony,Macias,Mad Dog,"5' 9""",185 lbs.,--,Switch,26.0,18.0,0.0,
Pauline,Macias,PITA,"5' 4""",115 lbs.,"64.0""",Southpaw,4.0,1.0,0.0,
Reza,Madadi,Mad Dog,"5' 11""",155 lbs.,"73.0""",Orthodox,14.0,6.0,0.0,
Don,Madge,Magic Man,"6' 0""",155 lbs.,"72.0""",Southpaw,9.0,3.0,1.0,
Ryan,Madigan,,"6' 0""",170 lbs.,--,Orthodox,5.0,3.0,0.0,
Jon,Madsen,,"6' 0""",240 lbs.,"72.0""",Orthodox,8.0,2.0,0.0,
Mark,Madsen,The Olympian,"5' 8""",155 lbs.,"72.0""",Orthodox,12.0,1.0,0.0,
Yoshiro,Maeda,,"5' 7""",139 lbs.,"68.0""",Southpaw,35.0,16.0,5.0,
Leonardo,Mafra,Macarrao,"5' 10""",155 lbs.,"70.0""",Orthodox,13.0,4.0,0.0,
Vinny,Magalhaes,Pezao,"6' 3""",205 lbs.,"75.0""",Orthodox,14.0,9.0,0.0,
Vinicius,Magalhaes,Draculinho,--,145 lbs.,--,,2.0,1.0,0.0,
Caio,Magalhaes,Hellboy,"6' 1""",185 lbs.,"73.0""",Orthodox,10.0,3.0,0.0,
,,,,,,,,,,
Katsuhiko,Nagata,,"5' 7""",154 lbs.,--,Southpaw,6.0,7.0,3.0,
Yuji,Nagata,,"6' 0""",225 lbs.,--,Orthodox,0.0,2.0,0.0,
Greg,Nagy,,"6' 1""",210 lbs.,--,Orthodox,1.0,3.0,0.0,
Logan,Nail,,--,185 lbs.,--,,1.0,1.0,0.0,
Muhammad,Naimov,Hillman,"5' 9""",145 lbs.,"70.0""",Orthodox,5.0,1.0,0.0,
Yukiya,Naito,,"6' 1""",205 lbs.,--,Orthodox,15.0,6.0,2.0,
Andrews,Nakahara,,"6' 1""",185 lbs.,--,Orthodox,5.0,4.0,2.0,
Rin,Nakai,,"5' 1""",135 lbs.,--,Orthodox,19.0,2.0,1.0,
Kazuhiro,Nakamura,Kaz,"5' 11""",205 lbs.,"70.0""",Orthodox,21.0,13.0,0.0,
Keita,Nakamura,K-Taro,"5' 11""",170 lbs.,"73.0""",Southpaw,34.0,10.0,2.0,
Daisuke,Nakamura,,"5' 7""",154 lbs.,--,Orthodox,28.0,19.0,1.0,
Yusaku,Nakamura,,"5' 5""",145 lbs.,--,,14.0,4.0,1.0,
Rinya,Nakamura,Hybrid,"5' 7""",135 lbs.,"68.0""",Southpaw,7.0,0.0,0.0,
Jutaro,Nakao,,"5' 9""",170 lbs.,--,Southpaw,25.0,19.0,4.0,
Yoshihiro,Nakao,Kiss,"6' 0""",220 lbs.,--,Southpaw,9.0,3.0,0.0,
Yui Chul,Nam,The Korean Bulldozer,"5' 9""",145 lbs.,--,Orthodox,18.0,8.0,1.0,
Tyson,Nam,,"5' 7""",125 lbs.,"68.0""",Orthodox,21.0,13.0,1.0,
Rose,Namajunas,Thug,"5' 5""",115 lbs.,"65.0""",Orthodox,12.0,5.0,0.0,
Yasuhito,Namekawa,,"5' 9""",205 lbs.,--,Orthodox,25.0,16.0,4.0,
Nad,Narimani,Smiler,"5' 8""",145 lbs.,"70.0""",Orthodox,12.0,4.0,0.0,
Roger,Narvaez,Silverback,"6' 3""",185 lbs.,--,Southpaw,8.0,3.0,0.0,
Fabio,Nascimento,Negao,"5' 10""",185 lbs.,--,Orthodox,11.0,6.0,0.0,
Allan,Nascimento,Puro Osso,"5' 8""",125 lbs.,"69.0""",Orthodox,20.0,6.0,0.0,
Rodrigo,Nascimento,Ze Colmeia,"6' 2""",246 lbs.,"80.0""",Orthodox,9.0,1.0,0.0,
Bobby,Nash,,"6' 0""",170 lbs.,"74.0""",Orthodox,8.0,4.0,0.0,
,,,,,,,,,,
Jake,O'Brien,Irish,"6' 3""",205 lbs.,"76.0""",Orthodox,15.0,4.0,0.0,
TJ,O'Brien,The Spider,"6' 2""",155 lbs.,--,Orthodox,20.0,8.0,0.0,
Sean,O'Connell,The Real OC,"6' 1""",205 lbs.,"74.0""",Orthodox,17.0,9.0,0.0,
Dan,O'Connor,Johnny Irish,"5' 4""",115 lbs.,--,,6.0,6.0,0.0,
Sean,O'Haire,,"6' 5""",270 lbs.,--,Orthodox,4.0,2.0,0.0,
Sean,O'Malley,Sugar,"5' 11""",135 lbs.,"72.0""",Switch,16.0,1.0,0.0,
Jeremiah,O'Neal,,"5' 8""",260 lbs.,--,,13.0,25.0,0.0,
Chuck,O'Neil,Cold Steel,"6' 2""",170 lbs.,--,,17.0,9.0,0.0,
Casey,O'Neill,King,"5' 6""",125 lbs.,"69.0""",Orthodox,9.0,1.0,0.0,
Brendan,O'Reilly,Badger,"5' 7""",170 lbs.,"69.0""",Orthodox,6.0,3.0,0.0,
Takahiro,Oba,,"5' 8""",200 lbs.,--,Southpaw,5.0,7.0,1.0,
Nobuhiro,Obiya,,"5' 8""",145 lbs.,--,Orthodox,12.0,5.0,1.0,
Christian,Ocon,,"5' 8""",135 lbs.,"69.0""",Orthodox,2.0,1.0,0.0,
Richard,Odoms,The Black Eagle,"6' 5""",265 lbs.,--,Orthodox,13.0,3.0,0.0,
Volkan,Oezdemir,No Time,"6' 2""",205 lbs.,"75.0""",Orthodox,18.0,7.0,0.0,
Naoya,Ogawa,,"6' 4""",255 lbs.,--,Orthodox,7.0,2.0,0.0,
Trey,Ogden,Samurai Ghost,"5' 11""",155 lbs.,"72.0""",Orthodox,16.0,5.0,0.0,
Andy,Ogle,The Little Axe,"5' 8""",145 lbs.,"69.0""",Orthodox,9.0,6.0,0.0,
Ho Taek,Oh,Spider,--,155 lbs.,--,,7.0,2.0,1.0,
Michiyoshi,Ohara,,"5' 10""",205 lbs.,--,Orthodox,0.0,2.0,0.0,
Koji,Oishi,,"5' 8""",170 lbs.,--,Orthodox,25.0,10.0,10.0,
Takayuki,Okada,Giant Ochiai,"6' 1""",290 lbs.,--,Orthodox,3.0,3.0,2.0,
Yushin,Okami,Thunder,"6' 2""",170 lbs.,"75.0""",Southpaw,34.0,12.0,0.0,
JJ,Okanovich,The Bosnian Bomber,"5' 11""",155 lbs.,"76.0""",Orthodox,7.0,1.0,0.0,
Kazuki,Okubo,,"5' 11""",175 lbs.,--,Orthodox,7.0,9.0,0.0,
,,,,,,,,,,
Raquel,Pa'aluhi,Rocky,"5' 7""",135 lbs.,--,,6.0,5.0,0.0,
Nick,Pace,,"5' 7""",135 lbs.,"68.0""",Orthodox,8.0,3.0,0.0,
Larissa,Pacheco,,"5' 7""",135 lbs.,--,Orthodox,10.0,2.0,0.0,
Teemu,Packalen,Pacu,"6' 1""",155 lbs.,"75.0""",Orthodox,8.0,3.0,0.0,
George,Pacurariu,Constantine,"5' 7""",135 lbs.,--,,10.0,5.0,0.0,
Cyrillo,Padilha,,"5' 11""",155 lbs.,--,,3.0,3.0,0.0,
Gary,Padilla,,"5' 11""",205 lbs.,--,,12.0,6.0,0.0,
Fernando,Padilla,,"6' 1""",155 lbs.,--,,13.0,4.0,0.0,
Damacio,Page,The Angel of Death,"5' 6""",135 lbs.,"66.0""",Orthodox,19.0,10.0,0.0,
Michael,Page,Venom,"6' 2""",170 lbs.,--,,12.0,0.0,0.0,
Dustin,Pague,The Disciple,"5' 9""",135 lbs.,"74.0""",Orthodox,12.0,11.0,0.0,
Josh,Paiva,,"5' 6""",125 lbs.,--,,8.0,2.0,0.0,
Raulian,Paiva,,"5' 8""",135 lbs.,"69.0""",Orthodox,21.0,5.0,0.0,
Dinis,Paiva Jr.,Sweetbread,"5' 9""",145 lbs.,"71.0""",Southpaw,13.0,8.0,0.0,
Fredson,Paixao,,"5' 6""",145 lbs.,"66.0""",Orthodox,10.0,5.0,0.0,
Jose,Palacios,,"5' 9""",145 lbs.,--,Orthodox,3.0,2.0,0.0,
Ricky,Palacios,El Gallero,"5' 6""",145 lbs.,--,Orthodox,10.0,1.0,0.0,
Bart,Palaszewski,Bartimus,"5' 9""",145 lbs.,"70.0""",Orthodox,36.0,17.0,0.0,
Sasha,Palatnikov,,"6' 1""",170 lbs.,"72.0""",Switch,6.0,4.0,0.0,
Soa,Palelei,The Hulk,"6' 4""",265 lbs.,"81.0""",Orthodox,22.0,5.0,0.0,
Rousimar,Palhares,Toquinho,"5' 8""",170 lbs.,"71.0""",Orthodox,19.0,8.0,0.0,
Tulio,Palhares,,--,180 lbs.,--,,2.0,16.0,0.0,
Stephen,Palling,Bozo,"5' 4""",143 lbs.,--,,11.0,7.0,1.0,
Eduardo,Pamplona,,"5' 11""",170 lbs.,--,,16.0,4.0,0.0,
Alexandre,Pantoja,The Cannibal,"5' 5""",125 lbs.,"67.0""",Orthodox,25.0,5.0,0.0,
,,,,,,,,,,
Qiu,Lun,Tibetan Knight,"5' 8""",125 lbs.,"66.0""",Southpaw,16.0,9.0,0.0,
Bao,Quach,,"5' 3""",145 lbs.,--,Orthodox,19.0,10.0,1.0,
Gary,Quan,,"5' 8""",143 lbs.,--,,3.0,5.0,0.0,
Billy,Quarantillo,,"5' 10""",145 lbs.,"70.0""",Orthodox,17.0,4.0,0.0,
Nate,Quarry,Rock,"6' 0""",185 lbs.,"72.0""",Open Stance,12.0,4.0,0.0,
Vinicius,Queiroz,Spartan,"6' 7""",220 lbs.,--,,8.0,4.0,0.0,
Jimmy,Quinlan,Crash,"6' 0""",185 lbs.,--,Orthodox,3.0,1.0,1.0,
Josh,Quinlan,Bushido,"6' 0""",170 lbs.,"72.0""",Orthodox,6.0,0.0,0.0,
Ryan,Quinn,,"5' 8""",145 lbs.,--,,13.0,7.0,1.0,
Michel,Quinones,El Capo,"5' 10""",155 lbs.,"73.0""",Orthodox,8.0,3.0,0.0,
Landon,Quinones,,"5' 9""",155 lbs.,--,Southpaw,5.0,1.0,1.0,
Jose,Quinonez,Teco,"5' 8""",135 lbs.,"69.0""",Southpaw,9.0,5.0,0.0,
Cristian,Quinonez,Problema,"5' 8""",135 lbs.,"70.0""",Orthodox,18.0,3.0,0.0,
,,,,,,,,,,
Benji,Radach,Razor,"5' 10""",185 lbs.,--,Orthodox,21.0,7.0,0.0,
Jordan,Radev,,"5' 7""",185 lbs.,--,Southpaw,23.0,5.0,0.0,
Loik,Radzhabov,Jaguar Paw,"5' 11""",155 lbs.,"69.0""",Orthodox,17.0,4.0,1.0,
Gilbert,Rael,,"5' 8""",155 lbs.,--,,1.0,3.0,0.0,
Josh,Rafferty,,"6' 0""",170 lbs.,--,Orthodox,9.0,8.0,0.0,
Amir,Rahnavardi,,"6' 0""",205 lbs.,--,Orthodox,11.0,10.0,0.0,
Ricky,Rainey,The Sniper,"6' 1""",170 lbs.,"77.0""",Switch,12.0,6.0,0.0,
Shavkat,Rakhmonov,Nomad,"6' 1""",170 lbs.,"77.0""",Orthodox,17.0,0.0,0.0,
Aleksandar,Rakic,,"6' 4""",205 lbs.,"78.0""",Orthodox,14.0,3.0,0.0,
Jessica,Rakoczy,The Ragin',"5' 7""",115 lbs.,--,Orthodox,1.0,5.0,0.0,
Thomas,Ramirez,,"6' 1""",410 lbs.,--,Sideways,0.0,1.0,0.0,
Hector,Ramirez,Sick Dog,"6' 0""",205 lbs.,--,Orthodox,10.0,6.0,1.0,
Matt,Ramirez,The Machine,"5' 5""",125 lbs.,--,,2.0,3.0,0.0,
Steve,Ramirez,,"5' 7""",125 lbs.,--,,5.0,2.0,0.0,
Amador,Ramirez,,--,135 lbs.,--,,5.0,4.0,0.0,
Andrew,Ramm,The,"6' 1""",160 lbs.,--,,4.0,4.0,0.0,
Ian,Rammel,,"6' 0""",185 lbs.,--,,7.0,8.0,0.0,
Luis,Ramos,Beicao,"5' 8""",170 lbs.,--,Orthodox,20.0,10.0,2.0,
Ricardo,Ramos,,"5' 9""",145 lbs.,"72.0""",Orthodox,16.0,4.0,0.0,
Davi,Ramos,Tasmanian Devil,"5' 6""",155 lbs.,"70.0""",Orthodox,10.0,4.0,0.0,
Vernon,Ramos Ho,,"5' 6""",170 lbs.,--,Orthodox,3.0,1.0,0.0,
Kevin,Randleman,The Monster,"5' 10""",205 lbs.,--,Orthodox,17.0,16.0,0.0,
Raou,Raou,,"5' 8""",195 lbs.,--,Orthodox,0.0,1.0,0.0,
Mitch,Raposo,,"5' 5""",125 lbs.,"64.0""",Switch,5.0,1.0,0.0,
Hussain,Rasouli,,"5' 6""",135 lbs.,--,,2.0,3.0,0.0,
,,,,,,,,,,
Yusup,Saadulaev,Maestro,"5' 6""",135 lbs.,--,,16.0,4.0,1.0,
Cameron,Saaiman,MSP,"5' 8""",135 lbs.,"67.0""",Southpaw,8.0,0.0,0.0,
Pete,Sabala,,--,135 lbs.,--,,3.0,15.0,0.0,
Danny,Sabatello,Italian Gangster,"5' 10""",135 lbs.,"71.0""",Orthodox,9.0,1.0,0.0,
Pat,Sabatini,,"5' 8""",145 lbs.,"70.0""",Orthodox,17.0,4.0,0.0,
Amir,Sadollah,,"5' 10""",170 lbs.,"75.0""",Orthodox,6.0,5.0,0.0,
Nazim,Sadykhov,Black Wolf,"5' 10""",155 lbs.,"69.0""",Southpaw,8.0,1.0,0.0,
Frankie,Saenz,,"5' 6""",135 lbs.,"66.0""",Orthodox,13.0,7.0,0.0,
Saparbeg,Safarov,,"6' 1""",185 lbs.,"78.0""",Orthodox,9.0,3.0,0.0,
Tarec,Saffiedine,Sponge,"5' 10""",170 lbs.,"70.0""",Switch,16.0,7.0,0.0,
Jason,Saggo,,"5' 11""",155 lbs.,"71.0""",Orthodox,12.0,4.0,0.0,
Benoit,Saint Denis,God of War,"5' 11""",155 lbs.,"73.0""",Southpaw,10.0,1.0,0.0,
Ovince,Saint Preux,,"6' 3""",205 lbs.,"80.0""",Southpaw,26.0,17.0,0.0,
Lukasz,Sajewski,Wookie,"5' 8""",155 lbs.,"71.0""",Orthodox,13.0,3.0,0.0,
Yukio,Sakaguchi,,"5' 9""",185 lbs.,--,Orthodox,6.0,7.0,0.0,
Augusto,Sakai,,"6' 3""",265 lbs.,"77.0""",Orthodox,16.0,5.0,1.0,
Alessio,Sakara,Legionarius,"6' 0""",185 lbs.,"72.0""",Orthodox,19.0,11.0,0.0,
Wataru,Sakata,,"5' 9""",195 lbs.,--,Southpaw,11.0,14.0,0.0,
Gokhan,Saki,The Rebel,"6' 0""",205 lbs.,"73.0""",Orthodox,1.0,2.0,0.0,
Kazushi,Sakuraba,The Gracie Hunter,"6' 0""",185 lbs.,--,Southpaw,26.0,17.0,1.0,
Hayato,Sakurai,Mach,"5' 7""",168 lbs.,--,Orthodox,38.0,13.0,2.0,
Ryuta,Sakurai,,"5' 7""",183 lbs.,--,Orthodox,24.0,24.0,6.0,
Justin,Salas,J-Bomb,"5' 8""",155 lbs.,"70.0""",Southpaw,12.0,7.0,0.0,
Ivan,Salaverry,,"6' 0""",185 lbs.,--,Orthodox,14.0,9.0,0.0,
Roman,Salazar,El Gallito,"5' 7""",135 lbs.,--,Orthodox,10.0,6.0,0.0,
,,,,,,,,,,
Osamu,Tachihikari,,"6' 5""",300 lbs.,--,Orthodox,0.0,4.0,0.0,
Amber,Tackett,,--,115 lbs.,--,,1.0,3.0,0.0,
Eugenio,Tadeu,,"5' 8""",160 lbs.,--,Orthodox,2.0,3.0,0.0,
Justin,Tafa,Bad Man,"6' 0""",264 lbs.,"74.0""",Southpaw,6.0,3.0,0.0,
Junior,Tafa,,--,--,--,,0.0,0.0,0.0,
Khalid,Taha,The Warrior,"5' 5""",135 lbs.,"69.0""",Orthodox,13.0,5.0,0.0,
Joe,Taimanglo,The Juggernaut,"5' 4""",135 lbs.,--,,23.0,7.0,1.0,
Tatsuro,Taira,,"5' 7""",125 lbs.,"70.0""",Orthodox,13.0,0.0,0.0,
Mairbek,Taisumov,Beckan,"5' 9""",155 lbs.,"73.0""",Orthodox,27.0,6.0,0.0,
Nobuhiko,Takada,,"6' 0""",220 lbs.,--,Southpaw,2.0,6.0,2.0,
Yoshiki,Takahashi,Kazuo,"5' 11""",199 lbs.,--,Southpaw,30.0,27.0,3.0,
Yoko,Takahashi,,"5' 8""",150 lbs.,--,,15.0,12.0,2.0,
Daiju,Takase,,"6' 0""",170 lbs.,--,Southpaw,12.0,15.0,2.0,
Hiroyuki,Takaya,Streetfight Bancho,"5' 6""",139 lbs.,--,Orthodox,21.0,14.0,2.0,
Yoshihiro,Takayama,,"6' 5""",280 lbs.,--,Orthodox,1.0,4.0,0.0,
Makoto,Takimoto,,"5' 7""",205 lbs.,--,Southpaw,6.0,5.0,0.0,
Oleg,Taktarov,The Russian Bear,"6' 0""",210 lbs.,--,Orthodox,17.0,5.0,2.0,
Nordine,Taleb,,"6' 1""",170 lbs.,"74.0""",Orthodox,15.0,7.0,0.0,
Tsuyoshi,Tamakairiki,,"6' 0""",220 lbs.,--,Orthodox,0.0,3.0,0.0,
Eli,Tamez,Tomahawk,"5' 7""",135 lbs.,--,,10.0,0.0,0.0,
Kiyoshi,Tamura,,"5' 11""",185 lbs.,--,Southpaw,32.0,13.0,3.0,
Akitoshi,Tamura,The Ironman,"5' 9""",135 lbs.,"70.0""",Orthodox,21.0,18.0,2.0,
Issei,Tamura,,"5' 5""",135 lbs.,"63.0""",Orthodox,10.0,8.0,0.0,
Jason,Tan,,"5' 10""",170 lbs.,--,Orthodox,5.0,3.0,0.0,
Akihito,Tanaka,Kinniku Mantaro,--,--,--,Southpaw,2.0,2.0,0.0,
,,,,,,,,,,
Takeru,Uchida,,"5' 5""",125 lbs.,"68.0""",Southpaw,6.0,1.0,0.0,
Alberto,Uda,,"6' 3""",185 lbs.,--,Orthodox,12.0,2.0,0.0,
Ryuki,Ueyama,,"5' 11""",180 lbs.,--,Southpaw,12.0,18.0,5.0,
Christian,Uflacker,,"5' 11""",170 lbs.,--,,5.0,0.0,0.0,
Andy,Uhrich,,"6' 0""",170 lbs.,--,,11.0,6.0,0.0,
Tagir,Ulanbekov,,"5' 7""",125 lbs.,"70.0""",Southpaw,14.0,2.0,0.0,
Carlos,Ulberg,Black Jag,"6' 4""",205 lbs.,"77.0""",Orthodox,8.0,1.0,0.0,
Gasan,Umalatov,Cobra,"5' 11""",170 lbs.,"71.0""",Orthodox,17.0,4.0,2.0,
Jeremy,Umphries,,--,160 lbs.,--,,5.0,2.0,0.0,
Zach,Underwood,,"6' 2""",185 lbs.,--,,13.0,7.0,0.0,
Caol,Uno,Uno Shoten,"5' 7""",155 lbs.,"70.0""",Southpaw,33.0,19.0,5.0,
Kengo,Ura,Uraken,"5' 9""",165 lbs.,--,,14.0,12.0,2.0,
Logan,Urban,Hulk,"6' 0""",170 lbs.,"72.0""",Orthodox,5.0,1.0,0.0,
Hector,Urbina,El Toro,"5' 11""",170 lbs.,"73.0""",Orthodox,17.0,10.0,1.0,
Elias,Urbina,,"6' 3""",185 lbs.,"77.0""",Southpaw,3.0,1.0,0.0,
Gilbert,Urbina,The RGV Bad Boy,"6' 3""",185 lbs.,"75.0""",Orthodox,6.0,3.0,0.0,
Nick,Urso,,"5' 6""",125 lbs.,"66.0""",Southpaw,10.0,3.0,0.0,
Yasuhiro,Urushitani,,"5' 5""",125 lbs.,--,Southpaw,21.0,8.0,6.0,
Sho Patrick,Usami,Savage,"5' 9""",155 lbs.,"70.0""",Orthodox,4.0,1.0,0.0,
Kamaru,Usman,The Nigerian Nightmare,"6' 0""",170 lbs.,"76.0""",Switch,20.0,3.0,0.0,
Mohammed,Usman,The Motor,"6' 2""",239 lbs.,"79.0""",Orthodox,9.0,2.0,0.0,
Darren,Uyenoyama,BC,"5' 6""",125 lbs.,"65.0""",Orthodox,10.0,6.0,0.0,
,,,,,,,,,,
Richie,Vaculik,Vas,"5' 6""",125 lbs.,"69.0""",Orthodox,10.0,4.0,0.0,
Egidijus,Valavicius,,"6' 0""",200 lbs.,--,Orthodox,29.0,12.0,0.0,
Genaro,Valdez,Rayadito,"5' 9""",155 lbs.,"72.0""",Orthodox,10.0,2.0,0.0,
Charlie,Valencia,,"5' 3""",135 lbs.,"64.0""",Orthodox,12.0,7.0,0.0,
Victor,Valenzuela,Joe Boxer,"5' 10""",155 lbs.,--,,13.0,6.0,2.0,
Ivan,Valenzuela,Bam Bam,"6' 2""",185 lbs.,"77.0""",Orthodox,8.0,2.0,0.0,
Timur,Valiev,Lucky,"5' 6""",135 lbs.,"67.0""",Orthodox,18.0,3.0,0.0,
Victor,Valimaki,The Matrix,"6' 0""",205 lbs.,--,Orthodox,18.0,10.0,0.0,
Andrew,Valladerez,,--,135 lbs.,--,,5.0,7.0,0.0,
Isaac,Vallie-Flagg,,"5' 8""",155 lbs.,"70.0""",Orthodox,16.0,7.0,1.0,
Joshua,Van,The Fearless,--,125 lbs.,--,,7.0,1.0,0.0,
Mike,van Arsdale,,"6' 2""",205 lbs.,--,Switch,8.0,5.0,0.0,
Matt,Van Buren,Gutter,"6' 5""",205 lbs.,--,,7.0,6.0,0.0,
Ron,van Clief,The Black Dragon,"5' 10""",190 lbs.,--,Orthodox,0.0,1.0,0.0,
Lloyd,Van Dams,,"6' 1""",240 lbs.,--,Southpaw,0.0,1.0,0.0,
Cameron,VanCamp,Jumpman,"6' 2""",155 lbs.,"74.0""",Switch,15.0,7.0,1.0,
Chad,Vance,,"6' 0""",185 lbs.,--,Orthodox,7.0,5.0,0.0,
Jared,Vanderaa,,"6' 4""",265 lbs.,"80.0""",Orthodox,12.0,10.0,0.0,
Austin,Vanderford,AK-47,"5' 11""",170 lbs.,--,Orthodox,4.0,0.0,0.0,
Lando,Vannata,Groovy,"5' 9""",155 lbs.,"71.0""",Orthodox,12.0,6.0,2.0,
Paige,VanZant,12 Gauge,"5' 4""",115 lbs.,"65.0""",Orthodox,8.0,5.0,0.0,
Paul,Varelans,The Polar Bear,"6' 8""",300 lbs.,--,Orthodox,9.0,9.0,0.0,
Kazula,Vargas,,"5' 8""",155 lbs.,"71.0""",Southpaw,12.0,5.0,0.0,
Jamie,Varner,,"5' 8""",155 lbs.,"71.0""",Orthodox,21.0,11.0,1.0,
Guilherme,Vasconcelos,Bomba,"6' 0""",185 lbs.,--,Orthodox,9.0,4.0,0.0,
,,,,,,,,,,
James,Wade,,"5' 10""",205 lbs.,--,,4.0,11.0,0.0,
Chris,Wade,,"5' 10""",155 lbs.,"70.0""",Orthodox,12.0,3.0,0.0,
Neil,Wain,Old School,"5' 10""",242 lbs.,--,Orthodox,13.0,4.0,0.0,
TJ,Waldburger,,"5' 11""",170 lbs.,"75.0""",Orthodox,16.0,9.0,0.0,
Chase,Waldon,,"6' 1""",185 lbs.,"75.0""",Orthodox,11.0,2.0,0.0,
Andre,Walker,,"5' 11""",205 lbs.,--,Southpaw,1.0,5.0,0.0,
Herschel,Walker,,"6' 1""",215 lbs.,--,Orthodox,2.0,0.0,0.0,
Donny,Walker,Eagle Eye,"5' 9""",135 lbs.,--,,15.0,10.0,0.0,
Johnny,Walker,,"6' 6""",205 lbs.,"82.0""",Orthodox,20.0,7.0,0.0,
Brogan,Walker,The Bear,"5' 4""",125 lbs.,"67.0""",Switch,8.0,3.0,0.0,
Ben,Wall,Manimal,"5' 10""",155 lbs.,--,Orthodox,8.0,7.0,1.0,
Crafton,Wallace,Blaze,"6' 0""",185 lbs.,--,Orthodox,18.0,6.0,1.0,
Rodney,Wallace,Shonuff the Master,"5' 9""",205 lbs.,"72.0""",Switch,26.0,15.0,1.0,
Jeremy,Wallace,,"5' 9""",--,--,,4.0,6.0,0.0,
Randall,Wallace,Braveheart,"5' 11""",185 lbs.,"73.0""",Orthodox,15.0,6.0,0.0,
James,Wallace,Jesse,"5' 10""",155 lbs.,"69.0""",Orthodox,5.0,2.0,0.0,
Jim,Wallhead,Judo,"5' 10""",170 lbs.,--,Orthodox,29.0,11.0,0.0,
Cory,Walmsley,Hardcore,"6' 0""",205 lbs.,--,Orthodox,8.0,2.0,0.0,
Richard,Walsh,Filthy Rich,"6' 0""",170 lbs.,"73.0""",Orthodox,9.0,5.0,0.0,
Patrick,Walsh,The Beast of the East,"5' 11""",185 lbs.,--,,10.0,3.0,0.0,
Erick,Wanderlei,,"6' 1""",205 lbs.,--,Orthodox,3.0,3.0,0.0,
Dimitiri,Wanderley,,--,205 lbs.,--,Orthodox,5.0,2.0,0.0,
Andy,Wang,,"5' 6""",155 lbs.,--,Orthodox,7.0,8.0,1.0,
Sai,Wang,The Fire Kylin,"6' 0""",170 lbs.,--,Southpaw,20.0,6.0,1.0,
Anying,Wang,,"6' 0""",170 lbs.,--,Orthodox,2.0,1.0,0.0,
,,,,,,,,,,
Rubens,Xavier,Macula,"6' 3""",220 lbs.,--,Orthodox,5.0,3.0,0.0,
Xiao,Long,,"5' 8""",135 lbs.,"66.0""",Orthodox,24.0,7.0,0.0,
Xie,Bin,The Stalker,"5' 10""",145 lbs.,"71.0""",Orthodox,8.0,4.0,0.0,
,,,,,,,,,,
Jamie,Yager,The Chosyn 1,"6' 1""",185 lbs.,--,Orthodox,8.0,4.0,0.0,
Eddie,Yagin,The Filipino Phenom,"5' 7""",145 lbs.,--,Orthodox,16.0,7.0,1.0,
Rani,Yahya,,"5' 6""",135 lbs.,"67.0""",Orthodox,28.0,10.0,1.0,
Alexander,Yakovlev,Russian Thunder,"6' 3""",155 lbs.,"74.0""",Southpaw,24.0,10.0,1.0,
Keiichiro,Yamamiya,,"5' 11""",185 lbs.,--,Southpaw,45.0,35.0,10.0,
Kenichi,Yamamoto,,"6' 0""",170 lbs.,--,Orthodox,5.0,12.0,2.0,
Yoshihisa,Yamamoto,,"6' 2""",220 lbs.,--,Southpaw,14.0,25.0,1.0,
Atsushi,Yamamoto,,"5' 6""",139 lbs.,--,Orthodox,19.0,11.0,3.0,
Norifumi,Yamamoto,Kid,"5' 4""",135 lbs.,"66.0""",Southpaw,18.0,6.0,0.0,
Hiroko,Yamanaka,Cat's Eye,"5' 11""",135 lbs.,--,,13.0,3.0,0.0,
Goiti,Yamauchi,,"5' 10""",145 lbs.,--,,21.0,3.0,0.0,
Takeshi,Yamazaki,,"5' 8""",139 lbs.,--,Southpaw,15.0,12.0,3.0,
Yan,Xiaonan,,"5' 5""",115 lbs.,"63.0""",Orthodox,16.0,3.0,0.0,
Petr,Yan,No Mercy,"5' 7""",135 lbs.,"67.0""",Switch,16.0,5.0,0.0,
Yan,Qihui,Queen Kong,"5' 3""",125 lbs.,"62.0""",Orthodox,11.0,4.0,0.0,
Adam,Yandiev,Boroda,"5' 9""",185 lbs.,"74.0""",Orthodox,9.0,1.0,0.0,
Adrian,Yanez,,"5' 7""",135 lbs.,"70.0""",Orthodox,16.0,3.0,0.0,
Dongi,Yang,The Ox,"5' 10""",185 lbs.,"73.0""",Southpaw,13.0,3.0,0.0,
Jianping,Yang,,"5' 7""",145 lbs.,--,Orthodox,11.0,4.0,1.0,
Masutatsu,Yano,,"5' 9""",198 lbs.,--,Orthodox,2.0,4.0,1.0,
Emmanuel,Yarborough,,"6' 8""",770 lbs.,--,Open Stance,1.0,2.0,0.0,
Cale,Yarbrough,,"6' 1""",185 lbs.,--,Orthodox,8.0,3.0,0.0,
Tadao,Yasuda,,"6' 4""",310 lbs.,--,Orthodox,2.0,4.0,0.0,
Yoshiaki,Yatsu,,"6' 1""",165 lbs.,--,Orthodox,0.0,2.0,0.0,
Chris,Yee,,"5' 9""",185 lbs.,--,,4.0,6.0,0.0,
,,,,,,,,,,
Luke,Zachrich,,"6' 2""",185 lbs.,"74.0""",Orthodox,14.0,4.0,0.0,
Anton,Zafir,The Professor,"5' 11""",170 lbs.,--,Orthodox,7.0,3.0,0.0,
Aiemann,Zahabi,,"5' 8""",135 lbs.,"68.0""",Orthodox,9.0,2.0,0.0,
Joao,Zaiden,,--,205 lbs.,--,,10.0,3.0,0.0,
Youssef,Zalal,The Moroccan Devil,"5' 10""",135 lbs.,"72.0""",Switch,10.0,5.0,1.0,
Elizeu,Zaleski dos Santos,Capoeira,"5' 11""",170 lbs.,"73.0""",Orthodox,23.0,7.0,0.0,
Zach,Zane,The Hurricane,"5' 7""",145 lbs.,"69.0""",Southpaw,10.0,7.0,0.0,
Roger,Zapata,Viva,"5' 11""",170 lbs.,--,Southpaw,4.0,2.0,0.0,
Marius,Zaromskis,The Whitemare,"5' 9""",170 lbs.,--,Orthodox,20.0,9.0,0.0,
David,Zawada,Sagat,"6' 0""",170 lbs.,"75.0""",Orthodox,17.0,7.0,0.0,
Joao,Zeferino,The Brazilian Samurai,"5' 11""",170 lbs.,--,Orthodox,21.0,9.0,0.0,
Daniel,Zellhuber,Golden Boy,"6' 1""",155 lbs.,"77.0""",Switch,12.0,1.0,0.0,
Craig,Zellner,Big Z,"6' 2""",205 lbs.,--,Orthodox,4.0,3.0,0.0,
Roman,Zentsov,The Russian Hammer,"6' 1""",230 lbs.,--,Orthodox,18.0,12.0,0.0,
Carlos,Zevallos,,"6' 0""",205 lbs.,--,Orthodox,3.0,4.0,0.0,
Zhang,Tiequan,The Wolf,"5' 8""",155 lbs.,"69.0""",Orthodox,15.0,4.0,0.0,
Zhang,Lipeng,The Warrior,"5' 11""",155 lbs.,"71.0""",Southpaw,23.0,9.0,1.0,
Zhang,Weili,Magnum,"5' 4""",115 lbs.,"63.0""",Switch,23.0,3.0,0.0,
Zhang,Mingyang,Mountain Tiger,"6' 2""",205 lbs.,"75.0""",Orthodox,16.0,6.0,0.0,
Daermisi,Zhawupasi,,--,135 lbs.,--,,6.0,0.0,0.0,
Yao,Zhikui,The Conqueror,"5' 5""",125 lbs.,"64.0""",Orthodox,2.0,4.0,0.0,
Zhalgas,Zhumagulov,,"5' 4""",125 lbs.,"66.0""",Switch,14.0,8.0,0.0,
Fares,Ziam,Smile Killer,"6' 1""",155 lbs.,"75.0""",Orthodox,13.0,4.0,0.0,
Mike,Zichelle,,--,205 lbs.,--,,8.0,4.0,0.0,
James,Zikic,The Messenger,"6' 2""",205 lbs.,--,Orthodox,21.0,10.0,2.0,
